{
  "project_info": {
    "project_number": "321110104537",
    "firebase_url": "https://managehome-139b0-default-rtdb.firebaseio.com",
    "project_id": "managehome-139b0",
    "storage_bucket": "managehome-139b0.appspot.com"
  },
  "client": [
    {
      "client_info": {
        "mobilesdk_app_id": "1:321110104537:android:be59d01e03a6903d6261c8",
        "android_client_info": {
          "package_name": "com.example.manage_house"
        }
      },
      "oauth_client": [
        {
          "client_id": "321110104537-f9j552ac73ong0skj6in0bj8899rj11p.apps.googleusercontent.com",
          "client_type": 3
        }
      ],
      "api_key": [
        {
          "current_key": "AIzaSyD_vhhUNjiOjim7Wx_INRJASC1-xPFNldU"
        }
      ],
      "services": {
        "appinvite_service": {
          "other_platform_oauth_client": [
            {
              "client_id": "321110104537-f9j552ac73ong0skj6in0bj8899rj11p.apps.googleusercontent.com",
              "client_type": 3
            }
          ]
        }
      }
    }
  ],
  "configuration_version": "1"
}